<hibernate-configuration>
	<session-factory>
		<property name="connection.driver class">com.mysql.cj.jdbc.Driver</property>
		<property name="connection.url">jdbc:mysql://localhost:3306/banknegara?useSSL=false</property>
		<property name="connection.username">root</property>
		<property name="connection.password"></property>
		<property name="connection.pool_size">10</property>
		<property name="dialect">org.hibernate.dialect.MySQLDialect</property>
		<property name="show_sql">true</property>
		<property name="current_session_context_class">thread</property>
		<property name="hibernate.hbm2ddl.auto">update</property>
	</session-factory>
</hibernate-configuration>