<?xml version="1.0" encoding="UTF-8"?>
<beans xmlns="http://www.springframework.org/schema/beans"
    xmlns:xsi="http://www.w3.org/2001/XMLSchema-instance"
    xmlns:context="http://www.springframework.org/schema/context"
    xmlns:aop="http://www.springframework.org/schema/aop"
    xsi:schemaLocation="http://www.springframework.org/schema/beans 
    	http://www.springframework.org/schema/beans/spring-beans.xsd
    	http://www.springframework.org/schema/context
    	http://www.springframework.org/schema/context/spring-context.xsd
		http://www.springframework.org/schema/aop
    	http://www.springframework.org/schema/aop/spring-aop.xsd">
    	
    	<context:property-placeholder location="classpath:data.properties"></context:property-placeholder>
    	
    	<bean id="medicalInsurance" class="my.gov.bnm.models.MedicalInsurance"></bean>
    	
		<bean id="lifeInsurance" class="my.gov.bnm.models.LifeInsurance">
			<constructor-arg value="${lifeInsurance.period}" type="int"></constructor-arg>
			<constructor-arg value="${lifeInsurance.amount}" type="double"></constructor-arg>
		</bean>
		
		<bean id="lifeInsuranceCustomer" class="my.gov.bnm.models.Customer">
			<property name="name"><value>${lifeInsurance.customerName}</value></property>
			<property name="insurance" ref="lifeInsurance"></property>
		</bean>
		
		<bean id="logging" class="my.gov.bnm.aop.Logging"></bean>
		
		<aop:config>
			<aop:aspect id="log" ref="logging">
				<aop:pointcut expression="execution(* my.gov.bnm.models.*.calculate(..))" id="logPointcut"/>
				<aop:before method="beforeAdvice" pointcut-ref="logPointcut"/>
				<aop:after method="afterAdvice" pointcut-ref="logPointcut"/>
			</aop:aspect>
		</aop:config>

</beans>